2008,Charbonnieres,Corentin,Mc Faul,Js,mmcfaule@bloomberg.com
2009,Charbonnieres,Adrien,Baversor,Js,lbaversorqb@mozilla.org
2009,Charbonnieres,Dorsun,Beavan,Js,abeavan76@flickr.com
2009,Charbonnieres,Loic,Swinburn,Js,cswinburndj@dell.com
2009,Charbonnieres,Mia,Huc,Js,fhucpl@mac.com
2010,Charbonnieres,Alexandre,Corstan,Js,mcorstanky@statcounter.com
2010,Charbonnieres,Alexandre,Sarsfield,Js,bsarsfieldki@dailymail.co.uk
2010,Charbonnieres,Catherine,McFetridge,Js,lmcfetridgej7@prlog.org
2010,Charbonnieres,Franck,Pottes,Js,spottes1v@addthis.com
2010,Charbonnieres,Juliette,Agdahl,Js,aagdahl7d@360.cn
2011,Charbonnieres,Alois,Olsson,Js,molssonm5@ask.com
2011,Charbonnieres,Eric,Polo,Js,cpoloet@ca.gov
2011,Charbonnieres,Michel,Furniss,Js,tfurniss88@tinyurl.com
2012,Charbonnieres,Aurelien,Stovell,Js,dstovell4k@wunderground.com
2012,Charbonnieres,Catherine,Leipold,Js,rleipold98@forbes.com
2012,Charbonnieres,Eric,Petrulis,Js,ypetrulis7h@google.co.uk
2013,Charbonnieres,David,Cotter,Js,dcotterld@squidoo.com
2013,Charbonnieres,Loic,Elgie,Js,zelgiecs@state.tx.us
2014,Charbonnieres,Franck,Perin,Js,fperin1@cargocollective.com
2015,Charbonnieres,Alice,Locarno,Js,vlocarno7n@latimes.com
2015,Charbonnieres,Claude,Devitt,Js,edevittlz@liveinternet.ru
2015,Charbonnieres,Dorsun,Fredson,Js,tfredsonnz@macromedia.com
2015,Charbonnieres,Jade,Graine,Js,bgrainej2@yolasite.com
2015,Charbonnieres,Mia,Woodwing,Js,swoodwing41@sitemeter.com
2016,Charbonnieres,Ali,Bellefant,Js,mbellefant9i@fastcompany.com
2016,Charbonnieres,Amanda,Kinnach,Js,bkinnachjs@upenn.edu
2016,Charbonnieres,Cedric,Haverty,Js,khavertyje@facebook.com
2016,Charbonnieres,Kais,Bolsteridge,Js,sbolsteridge93@imgur.com
2016,Charbonnieres,Lena,MacKinnon,Js,kmackinnonjb@topsy.com
2016,Charbonnieres,Melodie,Rebeiro,Js,rrebeiro4y@example.com
2016,Charbonnieres,Mia,Weerdenburg,Js,aweerdenburgpr@slideshare.net
2017,Charbonnieres,Alois,Strivens,Js,sstrivensl8@omniture.com
2017,Charbonnieres,Claude,Cherm,Js,rchermmv@flickr.com
2017,Charbonnieres,Maude,Bucher,Js,lbucherg2@mit.edu
2017,Charbonnieres,Susy,Somerscales,Js,tsomerscalesks@senate.gov
2017,Charbonnieres,Tony,Cowp,Js,jcowpkh@soup.io
2018,Charbonnieres,Alice,MacAvaddy,Js,tmacavaddyk7@gravatar.com
2018,Charbonnieres,Alois,Mion,Js,zmion9v@dell.com
2018,Charbonnieres,Catherine,Alston,Js,ealstonqg@symantec.com
2018,Charbonnieres,Loic,Gilbert,Js,cgilbert7p@stanford.edu
2018,Charbonnieres,Mathieu,Pinckney,Js,spinckneyq9@moonfruit.com
2019,Charbonnieres,Adam,Dorre,Js,sdorreox@disqus.com
2019,Charbonnieres,Catherine,Giacovelli,Js,rgiacovellid@pen.io
2019,Charbonnieres,Tony,Edds,Js,aeddsb2@netvibes.com
2020,Charbonnieres,Ali,Ohm,Js,rohm2m@apache.org
2020,Charbonnieres,Lena,Clewarth,Js,gclewarthda@feedburner.com
2020,Charbonnieres,Philippe,Duell,Js,lduellqi@icq.com
2020,Charbonnieres,Sara,Sibson,Js,msibsonca@shop-pro.jp
2021,Charbonnieres,Alexandre,Leon,Js,fleonom@vinaora.com
2021,Charbonnieres,Fazul,Harley,Js,eharleyd1@mediafire.com
2008,Remote,Alois,Cottrell,PHP,scottrellhq@hp.com
2008,Remote,Alois,Szymonowicz,PHP,eszymonowicz3s@vk.com
2008,Remote,Aurelien,McCraine,Js,mmccraine2c@behance.net
2008,Remote,Bilel,Mence,Java,hmence6l@elpais.com
2008,Remote,Corentin,Perch,Java,nperchk6@blog.com
2008,Remote,Corentin,Redgewell,Js,jredgewell6i@senate.gov
2008,Remote,Franck,Spennock,PHP,aspennockq@msu.edu
2008,Remote,Jean-loup,Tolland,Js,mtollandkn@ucsd.edu
2008,Remote,Jennifer,Lewsam,PHP,klewsam52@geocities.com
2008,Remote,Kais,Coats,Java,ycoats6x@is.gd
2008,Remote,Kais,Walliker,Js,twallikerr0@edublogs.org
2008,Remote,Lucas,Pringell,PHP,mpringellj0@chron.com
2008,Remote,Lucas,Varty,Java,bvarty3q@sakura.ne.jp
2008,Remote,Mathieu,Feldklein,Js,sfeldkleinct@jigsy.com
2008,Remote,Melodie,Roycroft,Js,aroycroftdw@independent.co.uk
2008,Remote,Michel,Maccraw,Java,fmaccrawjk@tiny.cc
2008,Remote,Tony,Gregoraci,Python,jgregoracib5@cam.ac.uk
2009,Remote,Alexandre,Bonafant,Js,bbonafantdk@cbc.ca
2009,Remote,Alois,Winsper,Python,pwinsperax@usgs.gov
2009,Remote,Anna,McPartling,Python,gmcpartlingfs@canalblog.com
2009,Remote,Cedric,Ilymanov,Js,dilymanovgy@geocities.jp
2009,Remote,Cedric,Kilroy,Js,kkilroy89@123-reg.co.uk
2009,Remote,Claude,Gaitskill,Python,vgaitskillcv@youtu.be
2009,Remote,David,Queenborough,PHP,rqueenboroughl6@123-reg.co.uk
2009,Remote,Franck,Fenny,PHP,gfennyb3@unc.edu
2009,Remote,Juliette,Saldler,PHP,bsaldlere1@gravatar.com
2009,Remote,Lena,Shower,Js,bshowerqy@photobucket.com
2009,Remote,Mathieu,Leeke,Java,aleeke1x@usgs.gov
2009,Remote,Maude,Luttgert,Js,mluttgertfr@yolasite.com
2009,Remote,Mia,Denne,Js,adennepm@phpbb.com
2009,Remote,Nicolas,McWard,Java,kmcward4l@163.com
2009,Remote,Nicolas,Rawsthorn,Java,orawsthornjt@mit.edu
2009,Remote,Susy,Meaney,PHP,lmeaney72@bizjournals.com
2009,Remote,Veronique,Lucia,PHP,cluciafa@ezinearticles.com
2010,Remote,Adam,Gimber,Java,egimber4m@free.fr
2010,Remote,Adam,Meineck,Js,gmeineckf6@wix.com
2010,Remote,Ali,Dossett,PHP,adossett6c@samsung.com
2010,Remote,Ali,Shimony,Js,wshimonyk2@theglobeandmail.com
2010,Remote,Aurelien,Tebbett,PHP,ptebbetta8@go.com
2010,Remote,Catherine,Mayoral,Python,mmayoralht@telegraph.co.uk
2010,Remote,Claude,Wisson,Java,dwissono5@wufoo.com
2010,Remote,Jean-loup,Jekel,Js,cjekeld2@istockphoto.com
2010,Remote,Jennifer,Jeakins,Js,kjeakinsu@un.org
2010,Remote,Kinglsey,Bembridge,PHP,jbembridgeqc@paypal.com
2010,Remote,Kinglsey,Billes,PHP,wbillesj1@sakura.ne.jp
2010,Remote,Lena,Scroyton,Python,sscroytonb@ftc.gov
2010,Remote,Loic,Boone,Js,hboonelt@virginia.edu
2010,Remote,Melodie,Stukings,Js,wstukingsrl@virginia.edu
2010,Remote,Michel,Lohering,PHP,kloheringc9@lulu.com
2010,Remote,Nicolas,Worsfield,PHP,cworsfieldv@dyndns.org
2010,Remote,Susy,Ashbolt,PHP,nashboltep@nps.gov
2010,Remote,Susy,Shellshear,PHP,rshellshear73@skype.com
2010,Remote,Veronique,Gorst,Java,rgorstmp@e-recht24.de
2011,Remote,Ali,Kinnett,Java,gkinnett8w@google.co.jp
2011,Remote,Alois,Reisenstein,Python,areisensteinhm@nih.gov
2011,Remote,Anna,Ventom,Js,nventomif@dailymail.co.uk
2011,Remote,Aurelien,Isaaksohn,PHP,tisaaksohnal@cdbaby.com
2011,Remote,Bilel,Rubinlicht,Js,rrubinlichtdl@newsvine.com
2011,Remote,Corentin,Lytton,PHP,elytton3f@netvibes.com
2011,Remote,Dorsun,Deyes,Java,bdeyesgq@bloomberg.com
2011,Remote,Karim,Lindbergh,PHP,elindbergh36@admin.ch
2011,Remote,Loic,Jacson,Js,tjacsona4@people.com.cn
2011,Remote,Loic,Mc Ilory,Js,bmcilorydi@oakley.com
2011,Remote,Loic,Pfleger,Java,ppflegerce@newyorker.com
2011,Remote,Ludwig,Matton,Js,cmattonbt@fema.gov
2011,Remote,Nicolas,Lias,Python,eliasi5@washingtonpost.com
2011,Remote,Philippe,Olyff,Python,solyffdt@newyorker.com
2012,Remote,Adrien,Woodward,Java,nwoodwardgf@ucoz.ru
2012,Remote,Claude,Kellie,Python,lkellief2@gmpg.org
2012,Remote,Dorsun,Sussems,Python,msussems9w@trellian.com
2012,Remote,Fazul,Dillway,Python,gdillwayhp@webmd.com
2012,Remote,Fazul,Volk,Js,bvolk97@comcast.net
2012,Remote,Franck,Pittam,Python,ppittamib@altervista.org
2012,Remote,Ludwig,Caves,Java,acaves63@shinystat.com
2012,Remote,Ludwig,Koopman,PHP,rkoopman8f@businessweek.com
2012,Remote,Maude,Dewerson,PHP,cdewersonoh@geocities.jp
2012,Remote,Veronique,Fulmen,Js,afulmenoq@imdb.com
2013,Remote,Adam,O'Hollegan,Java,kohollegan2q@163.com
2013,Remote,Ali,Snugg,Java,msnugggb@zdnet.com
2013,Remote,Aurelien,Almond,Js,talmond5w@mediafire.com
2013,Remote,Franck,Bucher,Java,ubucherm0@state.gov
2013,Remote,Jean-loup,Werndly,Python,ewerndlygd@wikia.com
2013,Remote,Jennifer,Aiken,Python,caiken5u@facebook.com
2013,Remote,Lucas,Gilbank,Python,cgilbankb9@state.tx.us
2013,Remote,Ludwig,Gush,PHP,ngush7g@51.la
2013,Remote,Philippe,Zettler,Python,czettlero@msu.edu
2014,Remote,Adam,Gethyn,PHP,agethyncb@msn.com
2014,Remote,Adam,Iacobo,Python,miacobo21@nhs.uk
2014,Remote,Alice,Brayfield,PHP,obrayfield6p@flickr.com
2014,Remote,Bilel,Brackstone,Js,nbrackstonegu@fema.gov
2014,Remote,Catherine,Riddiford,PHP,eriddifordpk@toplist.cz
2014,Remote,Cedric,Bumpas,Js,cbumpasml@seesaa.net
2014,Remote,Claude,Southouse,PHP,psouthousejl@about.com
2014,Remote,Corentin,Patrone,Java,ipatrone5b@hubpages.com
2014,Remote,Franck,Eriksson,PHP,merikssono8@craigslist.org
2014,Remote,Iliana,Dyke,PHP,jdyke4w@unc.edu
2014,Remote,Jade,Andre,PHP,randrerf@examiner.com
2014,Remote,Jennifer,Orchard,PHP,eorchardlb@theguardian.com
2014,Remote,Lena,Allabush,Java,rallabushbv@smh.com.au
2014,Remote,Loic,Brodeau,Js,dbrodeaubb@canalblog.com
2014,Remote,Melodie,Robertis,Js,irobertis6n@rediff.com
2014,Remote,Nicolas,Bambrugh,Js,lbambrugh9j@comsenz.com
2014,Remote,Yoann,McRuvie,PHP,cmcruvie44@hubpages.com
2015,Remote,Alexandre,Aloshikin,Python,saloshikinkf@weibo.com
2015,Remote,Ali,Gravells,Java,cgravellsc7@php.net
2015,Remote,Amanda,Durrett,Python,bdurrettqt@nationalgeographic.com
2015,Remote,Amanda,Fullager,Js,kfullagerpv@mysql.com
2015,Remote,Cedric,Spellman,Js,bspellman17@altervista.org
2015,Remote,Jean-loup,Iltchev,Js,ailtchev2d@google.pl
2015,Remote,Loic,Ruecastle,Java,pruecastlemc@ft.com
2015,Remote,Mathieu,Eingerfield,PHP,keingerfieldmx@eepurl.com
2015,Remote,Mathieu,Scriven,Js,kscrivenni@free.fr
2015,Remote,Melodie,Cutchie,Java,lcutchieqj@icio.us
2015,Remote,Michel,Sturch,Java,hsturch4d@cnn.com
2015,Remote,Michel,Walsham,Js,gwalsham3n@over-blog.com
2015,Remote,Veronique,Boller,Js,sbollerpx@hibu.com
2015,Remote,Yoann,Vaszoly,Js,kvaszolyie@omniture.com
2016,Remote,Adrien,Eakle,Js,ueakle9@hao123.com
2016,Remote,Alois,Sussans,PHP,hsussansot@surveymonkey.com
2016,Remote,Amanda,Menhenitt,PHP,rmenhenittay@twitpic.com
2016,Remote,Anna,Simionescu,PHP,bsimionescu5j@csmonitor.com
2016,Remote,Corentin,Holtum,Java,bholtumhw@networksolutions.com
2016,Remote,Corentin,Steers,Js,asteerspc@home.pl
2016,Remote,Iliana,Gores,Java,cgores3x@washingtonpost.com
2016,Remote,Jean-loup,Nesbit,Js,knesbitc1@google.co.jp
2016,Remote,Juliette,Larn,Js,mlarnm8@woothemes.com
2016,Remote,Lena,Wenn,Python,cwenn7x@php.net
2016,Remote,Mia,Nears,Java,mnearsqp@reddit.com
2016,Remote,Nicolas,Birchill,PHP,dbirchillff@typepad.com
2016,Remote,Philippe,Pardue,Js,gpardue71@plala.or.jp
2016,Remote,Sara,Goldes,Java,agoldesl5@fda.gov
2016,Remote,Susy,Winridge,PHP,awinridgem6@bigcartel.com
2017,Remote,Alois,Godlip,Java,dgodlipke@paypal.com
2017,Remote,Amanda,Artz,Java,rartz9n@ovh.net
2017,Remote,Amanda,Ovitz,PHP,eovitze2@drupal.org
2017,Remote,Catherine,Burdis,Js,nburdisfw@economist.com
2017,Remote,Catherine,Garrison,PHP,bgarrison1o@auda.org.au
2017,Remote,Eric,Burchill,Java,aburchillhz@zimbio.com
2017,Remote,Fazul,Scipsey,PHP,kscipseyl@mediafire.com
2017,Remote,Franck,Mendel,Python,lmendelw@canalblog.com
2017,Remote,Iliana,Algore,Python,ialgore2k@t-online.de
2017,Remote,Iliana,Schenkel,Js,mschenkel2j@patch.com
2017,Remote,Jade,Furzey,Js,afurzey4s@issuu.com
2017,Remote,Jennifer,Adrian,Python,aadrianrr@skype.com
2017,Remote,Jennifer,Laurentino,Python,hlaurentinomj@ocn.ne.jp
2017,Remote,Kais,Linch,Java,dlinchi7@hp.com
2017,Remote,Karim,Cleal,Js,kcleal5m@ifeng.com
2017,Remote,Loic,Haggerston,Python,fhaggerston7@1und1.de
2017,Remote,Matteo,Piscopo,PHP,fpiscopo84@shinystat.com
2017,Remote,Melodie,Borth,Python,gborthnj@theatlantic.com
2017,Remote,Sara,Alcott,PHP,aalcottf0@sakura.ne.jp
2017,Remote,Sara,Coulsen,PHP,ncoulsenfm@prnewswire.com
2017,Remote,Tony,Abrahamsen,Js,habrahamsenrm@slashdot.org
2017,Remote,Veronique,Attwooll,PHP,uattwoollpq@youku.com
2018,Remote,Dorsun,Klulisek,PHP,tklulisek6t@icq.com
2018,Remote,Dorsun,Rogge,Java,lroggeno@patch.com
2018,Remote,Franck,Pickover,Python,dpickoverma@1688.com
2018,Remote,Jean-loup,Perllman,Python,bperllman42@usda.gov
2018,Remote,Juliette,Blanchet,Java,bblanchet1z@europa.eu
2018,Remote,Kais,Ecclestone,Js,kecclestonelo@163.com
2018,Remote,Mathieu,Benedek,PHP,rbenedekjn@hp.com
2018,Remote,Mathieu,Chaise,Js,fchaise46@smugmug.com
2018,Remote,Veronique,Miners,Python,pminers20@oracle.com
2019,Remote,Adam,Bedberry,Js,abedberryrj@zimbio.com
2019,Remote,Cedric,Drain,Js,jdraing3@mashable.com
2019,Remote,Claude,Mendus,Java,mmendusln@ebay.com
2019,Remote,David,Urwin,Java,burwinr5@netvibes.com
2019,Remote,Lena,Avesque,PHP,wavesqueqz@guardian.co.uk
2019,Remote,Lena,Kings,PHP,kkingso2@posterous.com
2019,Remote,Loic,Sellen,Js,hsellen5p@imdb.com
2019,Remote,Ludwig,Darbyshire,PHP,hdarbyshirec2@aol.com
2019,Remote,Matteo,Watkiss,PHP,wwatkissol@ed.gov
2019,Remote,Melodie,Ebanks,PHP,rebanks4r@si.edu
2019,Remote,Mia,Broady,Python,mbroady83@shop-pro.jp
2019,Remote,Philippe,Chappelle,Java,jchappelleh0@nasa.gov
2019,Remote,Philippe,Lemary,Python,clemaryit@com.com
2019,Remote,Theo,Lahy,Js,glahyaj@goo.gl
2019,Remote,Theo,Trase,Java,ftrasecn@cyberchimps.com
2019,Remote,Yoann,Moneti,Java,emoneti60@yellowbook.com
2020,Remote,Alexandre,Jarvie,PHP,hjarviegz@friendfeed.com
2020,Remote,Amanda,Sherringham,PHP,tsherringhamnx@nydailynews.com
2020,Remote,Aurelien,Conquest,Js,sconquestfe@digg.com
2020,Remote,Aurelien,Lehrer,Java,flehrerjp@sakura.ne.jp
2020,Remote,Bilel,Gwillym,Js,bgwillymmy@census.gov
2020,Remote,Bilel,Terrett,Java,eterrettj9@xinhuanet.com
2020,Remote,David,Hymans,Java,mhymansa0@vkontakte.ru
2020,Remote,Jean-loup,Dugget,Java,aduggetm@wikia.com
2020,Remote,Juliette,Waszkiewicz,PHP,jwaszkiewiczr1@spiegel.de
2020,Remote,Kinglsey,Kelemen,Python,ckelemen1u@comsenz.com
2020,Remote,Kinglsey,Milkin,PHP,hmilkinra@qq.com
2020,Remote,Kinglsey,Musslewhite,Js,kmusslewhite4@tumblr.com
2020,Remote,Kinglsey,O' Mullane,Python,lomullanefn@tamu.edu
2020,Remote,Maude,Extall,Java,mextallly@tmall.com
2020,Remote,Philippe,Milbank,Python,amilbankhe@walmart.com
2020,Remote,Sara,Cuttles,Python,kcuttlesc8@yellowbook.com
2020,Remote,Sara,Serridge,PHP,aserridgemi@dailymotion.com
2021,Remote,Adrien,Armand,PHP,iarmandk9@fc2.com
2021,Remote,Alexandre,Courtenay,PHP,rcourtenaylg@domainmarket.com
2021,Remote,Anna,Andover,Js,landoverji@gmpg.org
2021,Remote,David,Dainter,Python,gdainter2x@amazonaws.com
2021,Remote,Dorsun,Castanho,Js,acastanho3@auda.org.au
2021,Remote,Juliette,Easbie,PHP,eeasbiedc@slideshare.net
2021,Remote,Kinglsey,Vedntyev,PHP,dvedntyevz@abc.net.au
2021,Remote,Matteo,Bracco,PHP,vbraccoh5@msu.edu
2021,Remote,Matteo,Shillinglaw,PHP,bshillinglawbz@gmpg.org
2021,Remote,Michel,Blow,Js,bblowq1@fc2.com
2021,Remote,Philippe,Thaxter,Js,ethaxter5e@yandex.ru
2021,Remote,Tony,Danielovitch,Python,gdanielovitchbk@etsy.com